{
  "Name": "Zork 1",
  "WelcomeMessage": "Welcome to ZORK.",
  "World": {
    "Rooms": [
      {
        "Name": "West of House",
        "Description": "This is an open field west of a white house, with a boarded front door.",
        "Neighbors": {
          "North": "North of House",
          "South": "South of House",
          "West": "Forest 1"
        }
      },
      {
        "Name": "North of House",
        "Description": "You are facing the north side of a white house. There is no door here, and all the windows are barred.",
        "Neighbors": {
          "North": "Forest 2",
          "East": "Behind House",
          "West": "West of House"
        }
      },
      {
        "Name": "South of House",
        "Description": "You are facing the south side of a white house. There is no door here, and all the windows are barred.",
        "Neighbors": {
          "East": "Behind House",
          "West": "West of House"
        }
      },
      {
        "Name": "Behind House",
        "Description": "You are behind the white house. In one corner of the house there is a small window which is slightly ajar.",
        "Neighbors": {
          "North": "North of House",
          "East": "Clearing",
          "South": "South of House"
        }
      },
      {
        "Name": "Forest 1",
        "Description": "This is a forest, with trees in all directions around you.",
        "Neighbors": {
          "South": "Forest 3",
          "East": "West of House"
        }
      },
      {
        "Name": "Forest 2",
        "Description": "This is a dimly lit forest, with large trees all around. One particularly large tree with some low branches stands here.",
        "Neighbors": {
          "South": "Clearing",
          "East": "Clearing"
        }
      },
      {
        "Name": "Forest 3",
        "Description": "This is a dimly lit forest, with large trees all around. To the east, there appears to be sunlight.",
        "Neighbors": {
          "North": "South of House",
          "East": "Clearing"
        }
      },
      {
        "Name": "Clearing",
        "Description": "You are in a clearing, with a forest surrounding you on the west and south.",
        "Neighbors": {
          "West": "Forest 2",
          "South": "Forest 3"
        }
      }
    ],
    "StartingLocation": "West of House"
  }
}